Budi Santoso,budi@gmail.com
Siti Aminah,siti@yahoo.com
Andi Wijaya,andi.wijaya@outlook.com
Dewi Lestari,dewi.writer@gmail.com
Eko Patrio,eko.comedy@hotmail.com
Fajar Nugraha,fajar.n@tech.id
Gita Gutawa,gita.music@gmail.com
Hendra Setiawan,hendra.badminton@indo.net
Indah Permatasari,indah.p@film.com
Joko Anwar,joko.movie@cinema.id
Rina Saputra,rina.saputra1@example.com
Putra Kurniawan,putra.kurniawan2@example.com
Ayu Sari,ayu.sari3@example.com
Dian Utami,dian.utami4@example.com
Rizki Hidayat,rizki.hidayat5@example.com
Nanda Maulana,nanda.maulana6@example.com
Lia Wijaya,lia.wijaya7@example.com
Yoga Rahmawati,yoga.rahmawati8@example.com
Tika Santoso,tika.santoso9@example.com
Ahmad Pratama,ahmad.pratama10@example.com
Rina Saputra,rina.saputra11@example.com
Putra Kurniawan,putra.kurniawan12@example.com
Ayu Sari,ayu.sari13@example.com
Dian Utami,dian.utami14@example.com
Rizki Hidayat,rizki.hidayat15@example.com
Nanda Maulana,nanda.maulana16@example.com
Lia Wijaya,lia.wijaya17@example.com
Yoga Rahmawati,yoga.rahmawati18@example.com
Tika Santoso,tika.santoso19@example.com
Ahmad Pratama,ahmad.pratama20@example.com
Rina Saputra,rina.saputra21@example.com
Putra Kurniawan,putra.kurniawan22@example.com
Ayu Sari,ayu.sari23@example.com
Dian Utami,dian.utami24@example.com
Rizki Hidayat,rizki.hidayat25@example.com
Nanda Maulana,nanda.maulana26@example.com
Lia Wijaya,lia.wijaya27@example.com
Yoga Rahmawati,yoga.rahmawati28@example.com
Tika Santoso,tika.santoso29@example.com
Ahmad Pratama,ahmad.pratama30@example.com
Rina Saputra,rina.saputra31@example.com
Putra Kurniawan,putra.kurniawan32@example.com
Ayu Sari,ayu.sari33@example.com
Dian Utami,dian.utami34@example.com
Rizki Hidayat,rizki.hidayat35@example.com
Nanda Maulana,nanda.maulana36@example.com
Lia Wijaya,lia.wijaya37@example.com
Yoga Rahmawati,yoga.rahmawati38@example.com
Tika Santoso,tika.santoso39@example.com
Ahmad Pratama,ahmad.pratama40@example.com
Rina Saputra,rina.saputra41@example.com
Putra Kurniawan,putra.kurniawan42@example.com
Ayu Sari,ayu.sari43@example.com
Dian Utami,dian.utami44@example.com
Rizki Hidayat,rizki.hidayat45@example.com
Nanda Maulana,nanda.maulana46@example.com
Lia Wijaya,lia.wijaya47@example.com
Yoga Rahmawati,yoga.rahmawati48@example.com
Tika Santoso,tika.santoso49@example.com
Ahmad Pratama,ahmad.pratama50@example.com
Rina Saputra,rina.saputra51@example.com
Putra Kurniawan,putra.kurniawan52@example.com
Ayu Sari,ayu.sari53@example.com
Dian Utami,dian.utami54@example.com
Rizki Hidayat,rizki.hidayat55@example.com
Nanda Maulana,nanda.maulana56@example.com
Lia Wijaya,lia.wijaya57@example.com
Yoga Rahmawati,yoga.rahmawati58@example.com
Tika Santoso,tika.santoso59@example.com
Ahmad Pratama,ahmad.pratama60@example.com
Rina Saputra,rina.saputra61@example.com
Putra Kurniawan,putra.kurniawan62@example.com
Ayu Sari,ayu.sari63@example.com
Dian Utami,dian.utami64@example.com
Rizki Hidayat,rizki.hidayat65@example.com
Nanda Maulana,nanda.maulana66@example.com
Lia Wijaya,lia.wijaya67@example.com
Yoga Rahmawati,yoga.rahmawati68@example.com
Tika Santoso,tika.santoso69@example.com
Ahmad Pratama,ahmad.pratama70@example.com
Rina Saputra,rina.saputra71@example.com
Putra Kurniawan,putra.kurniawan72@example.com
Ayu Sari,ayu.sari73@example.com
Dian Utami,dian.utami74@example.com
Rizki Hidayat,rizki.hidayat75@example.com
Nanda Maulana,nanda.maulana76@example.com
Lia Wijaya,lia.wijaya77@example.com
Yoga Rahmawati,yoga.rahmawati78@example.com
Tika Santoso,tika.santoso79@example.com
Ahmad Pratama,ahmad.pratama80@example.com
Rina Saputra,rina.saputra81@example.com
Putra Kurniawan,putra.kurniawan82@example.com
Ayu Sari,ayu.sari83@example.com
Dian Utami,dian.utami84@example.com
Rizki Hidayat,rizki.hidayat85@example.com
Nanda Maulana,nanda.maulana86@example.com
Lia Wijaya,lia.wijaya87@example.com
Yoga Rahmawati,yoga.rahmawati88@example.com
Tika Santoso,tika.santoso89@example.com
Ahmad Pratama,ahmad.pratama90@example.com
Rina Saputra,rina.saputra91@example.com
Putra Kurniawan,putra.kurniawan92@example.com
Ayu Sari,ayu.sari93@example.com
Dian Utami,dian.utami94@example.com
Rizki Hidayat,rizki.hidayat95@example.com
Nanda Maulana,nanda.maulana96@example.com
Lia Wijaya,lia.wijaya97@example.com
Yoga Rahmawati,yoga.rahmawati98@example.com
Tika Santoso,tika.santoso99@example.com
Ahmad Pratama,ahmad.pratama100@example.com
Rina Saputra,rina.saputra101@example.com
Putra Kurniawan,putra.kurniawan102@example.com
Ayu Sari,ayu.sari103@example.com
Dian Utami,dian.utami104@example.com
Rizki Hidayat,rizki.hidayat105@example.com
Nanda Maulana,nanda.maulana106@example.com
Lia Wijaya,lia.wijaya107@example.com
Yoga Rahmawati,yoga.rahmawati108@example.com
Tika Santoso,tika.santoso109@example.com
Ahmad Pratama,ahmad.pratama110@example.com
Rina Saputra,rina.saputra111@example.com
Putra Kurniawan,putra.kurniawan112@example.com
Ayu Sari,ayu.sari113@example.com
Dian Utami,dian.utami114@example.com
Rizki Hidayat,rizki.hidayat115@example.com
Nanda Maulana,nanda.maulana116@example.com
Lia Wijaya,lia.wijaya117@example.com
Yoga Rahmawati,yoga.rahmawati118@example.com
Tika Santoso,tika.santoso119@example.com
Ahmad Pratama,ahmad.pratama120@example.com
Rina Saputra,rina.saputra121@example.com
Putra Kurniawan,putra.kurniawan122@example.com
Ayu Sari,ayu.sari123@example.com
Dian Utami,dian.utami124@example.com
Rizki Hidayat,rizki.hidayat125@example.com
Nanda Maulana,nanda.maulana126@example.com
Lia Wijaya,lia.wijaya127@example.com
Yoga Rahmawati,yoga.rahmawati128@example.com
Tika Santoso,tika.santoso129@example.com
Ahmad Pratama,ahmad.pratama130@example.com
Rina Saputra,rina.saputra131@example.com
Putra Kurniawan,putra.kurniawan132@example.com
Ayu Sari,ayu.sari133@example.com
Dian Utami,dian.utami134@example.com
Rizki Hidayat,rizki.hidayat135@example.com
Nanda Maulana,nanda.maulana136@example.com
Lia Wijaya,lia.wijaya137@example.com
Yoga Rahmawati,yoga.rahmawati138@example.com
Tika Santoso,tika.santoso139@example.com
Ahmad Pratama,ahmad.pratama140@example.com
Rina Saputra,rina.saputra141@example.com
Putra Kurniawan,putra.kurniawan142@example.com
Ayu Sari,ayu.sari143@example.com
Dian Utami,dian.utami144@example.com
Rizki Hidayat,rizki.hidayat145@example.com
Nanda Maulana,nanda.maulana146@example.com
Lia Wijaya,lia.wijaya147@example.com
Yoga Rahmawati,yoga.rahmawati148@example.com
Tika Santoso,tika.santoso149@example.com
Ahmad Pratama,ahmad.pratama150@example.com
Rina Saputra,rina.saputra151@example.com
Putra Kurniawan,putra.kurniawan152@example.com
Ayu Sari,ayu.sari153@example.com
Dian Utami,dian.utami154@example.com
Rizki Hidayat,rizki.hidayat155@example.com
Nanda Maulana,nanda.maulana156@example.com
Lia Wijaya,lia.wijaya157@example.com
Yoga Rahmawati,yoga.rahmawati158@example.com
Tika Santoso,tika.santoso159@example.com
Ahmad Pratama,ahmad.pratama160@example.com
Rina Saputra,rina.saputra161@example.com
Putra Kurniawan,putra.kurniawan162@example.com
Ayu Sari,ayu.sari163@example.com
Dian Utami,dian.utami164@example.com
Rizki Hidayat,rizki.hidayat165@example.com
Nanda Maulana,nanda.maulana166@example.com
Lia Wijaya,lia.wijaya167@example.com
Yoga Rahmawati,yoga.rahmawati168@example.com
Tika Santoso,tika.santoso169@example.com
Ahmad Pratama,ahmad.pratama170@example.com
Rina Saputra,rina.saputra171@example.com
Putra Kurniawan,putra.kurniawan172@example.com
Ayu Sari,ayu.sari173@example.com
Dian Utami,dian.utami174@example.com
Rizki Hidayat,rizki.hidayat175@example.com
Nanda Maulana,nanda.maulana176@example.com
Lia Wijaya,lia.wijaya177@example.com
Yoga Rahmawati,yoga.rahmawati178@example.com
Tika Santoso,tika.santoso179@example.com
Ahmad Pratama,ahmad.pratama180@example.com
Rafi Aditya,rafi.aditya191@example.com
Maya Lestari,maya.lestari192@example.com
Doni Firmansyah,doni.firmansyah193@example.com
Salsa Puspita,salsa.puspita194@example.com
Kevin Ramadhan,kevin.ramadhan195@example.com
Nina Anggraini,nina.anggraini196@example.com
Bayu Prakoso,bayu.prakoso197@example.com
Citra Kusuma,citra.kusuma198@example.com
Arif Fauzan,arif.fauzan199@example.com
Putri Wulandari,putri.wulandari200@example.com